{"cameraMode":{"drawMode":0,"name":"Shaded","section":"Shading Mode"},"sceneLighting":false,"audioPlay":false,"sceneViewState":{"showFog":true,"showMaterialUpdate":false,"showSkybox":true,"showFlares":true,"showImageEffects":true,"showParticleSystems":true},"in2DMode":false,"pivot":{"x":2.3186025619506838,"y":-1.220000147819519,"z":-3.80108642578125},"rotation":{"x":0.082393117249012,"y":0.017937811091542245,"z":-0.001483236555941403,"w":0.9964373707771301},"size":24.125314712524415,"orthographic":true}