{"cameraMode":{"drawMode":0,"name":"Shaded","section":"Shading Mode"},"sceneLighting":false,"audioPlay":false,"sceneViewState":{"showFog":true,"showMaterialUpdate":true,"showSkybox":true,"showFlares":true,"showImageEffects":true,"showParticleSystems":true},"in2DMode":false,"pivot":{"x":48.302005767822269,"y":11.366181373596192,"z":0.5161300897598267},"rotation":{"x":0.12999893724918366,"y":0.2927711308002472,"z":-0.040213316679000857,"w":0.9464508891105652},"size":4.641658782958984,"orthographic":false}