{"cameraMode":{"drawMode":0,"name":"Shaded","section":"Shading Mode"},"sceneLighting":false,"audioPlay":false,"sceneViewState":{"showFog":true,"showMaterialUpdate":true,"showSkybox":true,"showFlares":true,"showImageEffects":true,"showParticleSystems":true},"in2DMode":false,"pivot":{"x":-74.84584045410156,"y":-4.1148681640625,"z":2.4853515625},"rotation":{"x":0.022496918216347696,"y":0.01049712859094143,"z":-0.00023623138258699328,"w":0.9996915459632874},"size":5.779702663421631,"orthographic":true}