{"cameraMode":{"drawMode":0,"name":"Shaded","section":"Shading Mode"},"sceneLighting":false,"audioPlay":false,"sceneViewState":{"showFog":true,"showMaterialUpdate":false,"showSkybox":true,"showFlares":true,"showImageEffects":true,"showParticleSystems":true},"in2DMode":false,"pivot":{"x":-0.6308536529541016,"y":3.3818395137786867,"z":-0.7574172019958496},"rotation":{"x":-0.01998032256960869,"y":0.92430180311203,"z":-0.04885747283697128,"w":-0.37799450755119326},"size":10.0,"orthographic":false}